Code,Active
IN-MH,43147
IN-UP,5918
IN-KL,71474
IN-KA,6061
IN-AP,1308
IN-TN,4601
IN-WB,5711
IN-OR,1067
IN-RJ,2395
IN-TG,2537
IN-BR,1315
IN-GJ,3489
IN-MP,2826
IN-DL,1551
IN-PB,2114
IN-CH,159
IN-CT,4358
IN-HR,1192
IN-AS,609
IN-JK,823
IN-JH,628
IN-UT,1289
IN-HP,343
IN-GA,742
IN-PY,295
IN-TR,21
IN-MN,142
IN-AR,13
IN-ML,83
IN-NL,53
IN-SK,97
IN-AN,5
IN-MZ,36
IN-DH,9
